<?xml version="1.0" encoding="UTF-8"?>
<project-private xmlns="http://www.netbeans.org/ns/project-private/1">
    <editor-bookmarks xmlns="http://www.netbeans.org/ns/editor-bookmarks/2" lastBookmarkId="0"/>
    <open-files xmlns="http://www.netbeans.org/ns/projectui-open-files/2">
        <group>
            <file>file:/C:/Users/USER/Desktop/Trimester%202/INF1005%20Web%20Systems%20&amp;%20Technologies/INF1005%20Project/uniQthes/new_includes/nav.inc.php</file>
            <file>file:/C:/Users/USER/Desktop/Trimester%202/INF1005%20Web%20Systems%20&amp;%20Technologies/INF1005%20Project/uniQthes/index.php</file>
            <file>file:/C:/Users/USER/Desktop/Trimester%202/INF1005%20Web%20Systems%20&amp;%20Technologies/INF1005%20Project/uniQthes/new_includes/head.inc.php</file>
        </group>
    </open-files>
</project-private>
